,State,fips,cases,deaths,1 week increase in cases,2 change increase in cases/ 1 week increase,4 change increase in cases/ 1 week increase,latest Date Used,pop,density
1,Alabama,01,516918,10638,11687,0.2430050483443142,0.1967142979378797,2021-04-05,4934190,97.427
2,Alaska,02,63486,299,1824,0.3892543859649123,0.9550438596491229,2021-04-05,724357,1.2694
3,Arizona,04,844921,16990,9500,0.39621052631578946,0.4652631578947368,2021-04-05,7520100,66.2016
4,Arkansas,05,331098,5648,3756,0.3463791267305644,0.29020234291799785,2021-04-05,3033950,58.3059
5,California,06,3682916,59761,41665,0.44339373574943,0.4532341293651746,2021-04-05,39613500,254.2929
6,Colorado,08,471702,6190,13436,0.6641857695742781,0.7243971420065496,2021-04-05,5893630,56.8653
7,Connecticut,09,316655,7923,12271,0.7148561649417325,0.6695460842637112,2021-04-05,3552820,733.7505
8,Delaware,10,96577,1566,3866,0.5103466114847387,0.5625969994826694,2021-04-05,990334,508.1242
9,District of Columbia,11,45112,1072,1804,0.479490022172949,0.4789356984478936,2021-04-05,714153,11707.4262
10,Florida,12,2085298,33709,62904,0.5749713849675696,0.6029346305481369,2021-04-05,21944600,409.2233
11,Georgia,13,1041275,18625,21839,0.4920554970465681,0.4226383991941023,2021-04-05,10830000,188.3053
12,Hawaii,15,30427,464,1050,0.68,0.7628571428571429,2021-04-05,1406430,218.9678
13,Idaho,16,181961,1975,4406,0.4466636404902406,0.4684521107580572,2021-04-05,1860120,22.5079
14,Illinois,17,1262345,23665,23587,0.7027599949124518,0.8129054139992369,2021-04-05,12569300,226.3964
15,Indiana,18,694918,13075,10724,0.5891458411040656,0.6435098843715031,2021-04-05,6805660,189.9643
16,Iowa,19,353829,5822,6090,0.6569786535303777,0.5927750410509032,2021-04-05,3167970,56.7157
17,Kansas,20,305489,4927,3099,0.4972571797353985,0.43433365601807034,2021-04-05,2917220,35.6807
18,Kentucky,21,432851,6267,10166,0.40517410977769036,0.3950422978555971,2021-04-05,4480710,113.4759
19,Louisiana,22,446737,10165,6777,0.4189169248930205,0.417884019477645,2021-04-05,4627000,107.0966
20,Maine,23,51986,746,2716,0.5110456553755522,0.7201767304860088,2021-04-05,1354520,43.9166
21,Maryland,24,418374,8363,12673,0.6604592440621795,0.719166732423262,2021-04-05,6065440,624.8522
22,Massachusetts,25,646220,17325,23530,0.6441563960900978,0.6455163620909478,2021-04-05,6912240,886.1846
23,Michigan,26,779658,17274,38506,0.9302706071781021,1.2215498883290916,2021-04-05,9992430,176.7352
24,Minnesota,27,527728,6963,15893,0.6444346567671302,0.69477128295476,2021-04-05,5706400,71.6641
25,Mississippi,28,306158,7055,5281,0.3338382882029919,0.27703086536640786,2021-04-05,2966410,63.2187
26,Missouri,29,588005,8990,8298,0.5912268016389491,0.49072065557965777,2021-04-05,6169040,89.7419
27,Montana,30,105273,1466,2134,0.49953139643861294,0.4592314901593252,2021-04-05,1085000,7.4547
28,Nebraska,31,212237,2289,3578,0.5704304080491895,0.8585802124091672,2021-04-05,1952000,25.4087
29,Nevada,32,305374,5275,4903,0.39404446257393433,0.421986538853763,2021-04-05,3185790,29.0195
30,New Hampshire,33,86125,1249,3690,0.7018970189701897,0.7547425474254743,2021-04-05,1372200,153.2671
31,New Jersey,34,930026,24649,54121,0.5771142440087951,0.5497865893091406,2021-04-05,8874520,1206.7609
32,New Mexico,35,192595,3955,2853,0.46862951279355064,0.4784437434279706,2021-04-05,2105000,17.354
33,New York,36,1910858,50195,87586,0.8018176420889184,0.6016486653118078,2021-04-05,19300000,409.5404
34,North Carolina,37,928253,12200,24032,0.5379077896138482,0.49995838881491345,2021-04-05,10701000,220.1037
35,North Dakota,38,103745,1497,1283,0.7318784099766174,0.8371005455962588,2021-04-05,770026,11.1596
36,Ohio,39,1026929,18643,21469,0.5554054683497135,0.6432530625553123,2021-04-05,11714600,286.6939
37,Oklahoma,40,440022,4953,6288,0.3821564885496183,0.3449427480916031,2021-04-05,3990440,58.1739
38,Oregon,41,167219,2409,4189,0.5862974456910958,0.7073287180711387,2021-04-05,4289440,44.6873
39,Pennsylvania,42,1050649,25254,38285,0.7042444821731749,0.7852945017630926,2021-04-05,12804100,286.1699
40,Rhode Island,44,139173,2629,5058,0.4705417160933175,0.5444839857651246,2021-04-05,3194370,923.4952
41,South Carolina,45,556469,9203,15487,0.5078452895977271,0.41331439271647186,2021-04-05,1061510,1026.6054
42,South Dakota,46,118517,1938,2376,0.5740740740740741,0.4970538720538721,2021-04-05,5277830,175.5707
43,Tennessee,47,803028,11828,17061,0.4586483793447043,0.46538889865775745,2021-04-05,896581,11.8265
44,Texas,48,2807528,48881,58490,0.4808343306548128,0.3599076765259019,2021-04-05,6944260,168.4069
45,Utah,49,387574,2133,6681,0.4443945517138153,0.41296213141745247,2021-04-05,29730300,113.808
46,Vermont,50,20267,229,1640,0.7091463414634146,0.7713414634146342,2021-04-05,3310770,40.2917
47,Virginia,51,626171,10360,19377,0.5439438509573206,0.4986323992362079,2021-04-05,623251,67.6197
48,Washington,53,372631,5338,10242,0.6153095098613552,0.7422378441710603,2021-04-05,8603980,217.8774
49,West Virginia,54,143733,2696,4475,0.6455865921787709,0.6127374301675977,2021-04-05,7796940,117.3248
50,Wisconsin,55,639765,7342,8152,0.5726202158979392,0.6259813542688911,2021-04-05,1767860,73.5444
51,Wyoming,56,56529,700,827,0.5562273276904474,0.40991535671100365,2021-04-05,5852490,108.0633
52,Puerto Rico,72,143637,2136,2806,0.7811831789023521,1.100142551674982,2021-04-05,581075,5.9847
1,Alabama,01,516918,10638,11687,0.2430050483443142,0.1967142979378797,2021-04-05,4934190,97.427
2,Alaska,02,63486,299,1824,0.3892543859649123,0.9550438596491229,2021-04-05,724357,1.2694
3,Arizona,04,844921,16990,9500,0.39621052631578946,0.4652631578947368,2021-04-05,7520100,66.2016
4,Arkansas,05,331098,5648,3756,0.3463791267305644,0.29020234291799785,2021-04-05,3033950,58.3059
5,California,06,3682916,59761,41665,0.44339373574943,0.4532341293651746,2021-04-05,39613500,254.2929
6,Colorado,08,471702,6190,13436,0.6641857695742781,0.7243971420065496,2021-04-05,5893630,56.8653
7,Connecticut,09,316655,7923,12271,0.7148561649417325,0.6695460842637112,2021-04-05,3552820,733.7505
8,Delaware,10,96577,1566,3866,0.5103466114847387,0.5625969994826694,2021-04-05,990334,508.1242
9,District of Columbia,11,45112,1072,1804,0.479490022172949,0.4789356984478936,2021-04-05,714153,11707.4262
10,Florida,12,2085298,33709,62904,0.5749713849675696,0.6029346305481369,2021-04-05,21944600,409.2233
11,Georgia,13,1041275,18625,21839,0.4920554970465681,0.4226383991941023,2021-04-05,10830000,188.3053
12,Hawaii,15,30427,464,1050,0.68,0.7628571428571429,2021-04-05,1406430,218.9678
13,Idaho,16,181961,1975,4406,0.4466636404902406,0.4684521107580572,2021-04-05,1860120,22.5079
14,Illinois,17,1262345,23665,23587,0.7027599949124518,0.8129054139992369,2021-04-05,12569300,226.3964
15,Indiana,18,694918,13075,10724,0.5891458411040656,0.6435098843715031,2021-04-05,6805660,189.9643
16,Iowa,19,353829,5822,6090,0.6569786535303777,0.5927750410509032,2021-04-05,3167970,56.7157
17,Kansas,20,305489,4927,3099,0.4972571797353985,0.43433365601807034,2021-04-05,2917220,35.6807
18,Kentucky,21,432851,6267,10166,0.40517410977769036,0.3950422978555971,2021-04-05,4480710,113.4759
19,Louisiana,22,446737,10165,6777,0.4189169248930205,0.417884019477645,2021-04-05,4627000,107.0966
20,Maine,23,51986,746,2716,0.5110456553755522,0.7201767304860088,2021-04-05,1354520,43.9166
21,Maryland,24,418374,8363,12673,0.6604592440621795,0.719166732423262,2021-04-05,6065440,624.8522
22,Massachusetts,25,646220,17325,23530,0.6441563960900978,0.6455163620909478,2021-04-05,6912240,886.1846
23,Michigan,26,779658,17274,38506,0.9302706071781021,1.2215498883290916,2021-04-05,9992430,176.7352
24,Minnesota,27,527728,6963,15893,0.6444346567671302,0.69477128295476,2021-04-05,5706400,71.6641
25,Mississippi,28,306158,7055,5281,0.3338382882029919,0.27703086536640786,2021-04-05,2966410,63.2187
26,Missouri,29,588005,8990,8298,0.5912268016389491,0.49072065557965777,2021-04-05,6169040,89.7419
27,Montana,30,105273,1466,2134,0.49953139643861294,0.4592314901593252,2021-04-05,1085000,7.4547
28,Nebraska,31,212237,2289,3578,0.5704304080491895,0.8585802124091672,2021-04-05,1952000,25.4087
29,Nevada,32,305374,5275,4903,0.39404446257393433,0.421986538853763,2021-04-05,3185790,29.0195
30,New Hampshire,33,86125,1249,3690,0.7018970189701897,0.7547425474254743,2021-04-05,1372200,153.2671
31,New Jersey,34,930026,24649,54121,0.5771142440087951,0.5497865893091406,2021-04-05,8874520,1206.7609
32,New Mexico,35,192595,3955,2853,0.46862951279355064,0.4784437434279706,2021-04-05,2105000,17.354
33,New York,36,1910858,50195,87586,0.8018176420889184,0.6016486653118078,2021-04-05,19300000,409.5404
34,North Carolina,37,928253,12200,24032,0.5379077896138482,0.49995838881491345,2021-04-05,10701000,220.1037
35,North Dakota,38,103745,1497,1283,0.7318784099766174,0.8371005455962588,2021-04-05,770026,11.1596
36,Ohio,39,1026929,18643,21469,0.5554054683497135,0.6432530625553123,2021-04-05,11714600,286.6939
37,Oklahoma,40,440022,4953,6288,0.3821564885496183,0.3449427480916031,2021-04-05,3990440,58.1739
38,Oregon,41,167219,2409,4189,0.5862974456910958,0.7073287180711387,2021-04-05,4289440,44.6873
39,Pennsylvania,42,1050649,25254,38285,0.7042444821731749,0.7852945017630926,2021-04-05,12804100,286.1699
40,Rhode Island,44,139173,2629,5058,0.4705417160933175,0.5444839857651246,2021-04-05,3194370,923.4952
41,South Carolina,45,556469,9203,15487,0.5078452895977271,0.41331439271647186,2021-04-05,1061510,1026.6054
42,South Dakota,46,118517,1938,2376,0.5740740740740741,0.4970538720538721,2021-04-05,5277830,175.5707
43,Tennessee,47,803028,11828,17061,0.4586483793447043,0.46538889865775745,2021-04-05,896581,11.8265
44,Texas,48,2807528,48881,58490,0.4808343306548128,0.3599076765259019,2021-04-05,6944260,168.4069
45,Utah,49,387574,2133,6681,0.4443945517138153,0.41296213141745247,2021-04-05,29730300,113.808
46,Vermont,50,20267,229,1640,0.7091463414634146,0.7713414634146342,2021-04-05,3310770,40.2917
47,Virginia,51,626171,10360,19377,0.5439438509573206,0.4986323992362079,2021-04-05,623251,67.6197
48,Washington,53,372631,5338,10242,0.6153095098613552,0.7422378441710603,2021-04-05,8603980,217.8774
49,West Virginia,54,143733,2696,4475,0.6455865921787709,0.6127374301675977,2021-04-05,7796940,117.3248
50,Wisconsin,55,639765,7342,8152,0.5726202158979392,0.6259813542688911,2021-04-05,1767860,73.5444
51,Wyoming,56,56529,700,827,0.5562273276904474,0.40991535671100365,2021-04-05,5852490,108.0633
52,Puerto Rico,72,143637,2136,2806,0.7811831789023521,1.100142551674982,2021-04-05,581075,5.9847
1,Alabama,01,516809,10637,11641,0.25178249291298,0.2077141139077399,2021-04-04,4934190,97.427
2,Alaska,02,62987,299,1813,0.5852178709321566,0.685603971318257,2021-04-04,724357,1.2694
3,Arizona,04,844302,16994,9799,0.37095622002245127,0.45045412797224205,2021-04-04,7520100,66.2016
4,Arkansas,05,331054,5643,3837,0.3320302319520459,0.29319781078967944,2021-04-04,3033950,58.3059
5,California,06,3679837,59699,42936,0.42670486305198435,0.4393515930687535,2021-04-04,39613500,254.2929
6,Colorado,08,470757,6190,15001,0.53996400239984,0.6619558696086928,2021-04-04,5893630,56.8653
7,Connecticut,09,313956,7904,11361,0.7498459642637092,0.7698265997711469,2021-04-04,3552820,733.7505
8,Delaware,10,96376,1566,3933,0.45130943300279686,0.5883549453343504,2021-04-04,990334,508.1242
9,District of Columbia,11,45037,1070,1810,0.5226519337016574,0.47624309392265196,2021-04-04,714153,11707.4262
10,Florida,12,2081818,33673,63354,0.5628058212583262,0.596978880575812,2021-04-04,21944600,409.2233
11,Georgia,13,1040572,18625,22130,0.47514685946678714,0.43709896068685045,2021-04-04,10830000,188.3053
12,Hawaii,15,30338,464,1013,0.6850937808489634,0.7996051332675223,2021-04-04,1406430,218.9678
13,Idaho,16,181309,1969,4490,0.44766146993318484,0.400445434298441,2021-04-04,1860120,22.5079
14,Illinois,17,1260001,23654,23476,0.6794598739137843,0.801414210257284,2021-04-04,12569300,226.3964
15,Indiana,18,694204,13074,10688,0.5722305389221557,0.6455838323353293,2021-04-04,6805660,189.9643
16,Iowa,19,353362,5822,6113,0.6427286111565517,0.5967610011451006,2021-04-04,3167970,56.7157
17,Kansas,20,305137,4932,3323,0.4474872103520915,0.429431236834186,2021-04-04,2917220,35.6807
18,Kentucky,21,432344,6210,10072,0.41173550436854645,0.3896942017474186,2021-04-04,4480710,113.4759
19,Louisiana,22,445469,10161,5952,0.5598118279569892,0.4032258064516129,2021-04-04,4627000,107.0966
20,Maine,23,51763,745,2670,0.5191011235955056,0.7164794007490637,2021-04-04,1354520,43.9166
21,Maryland,24,417514,8350,12707,0.6312268828204927,0.7306996143857716,2021-04-04,6065440,624.8522
22,Massachusetts,25,643232,17281,23312,0.6375686341798216,0.5877230610844201,2021-04-04,6912240,886.1846
23,Michigan,26,768341,17249,35103,0.9183830441842578,1.2824260034754864,2021-04-04,9992430,176.7352
24,Minnesota,27,526345,6953,15213,0.6470781568395452,0.7368040491684743,2021-04-04,5706400,71.6641
25,Mississippi,28,306088,7055,5256,0.3384703196347032,0.2800608828006088,2021-04-04,2966410,63.2187
26,Missouri,29,587608,8988,58236,0.08402019369462188,0.07002541383336768,2021-04-04,6169040,89.7419
27,Montana,30,105150,1466,2143,0.5006999533364442,0.4507699486700887,2021-04-04,1085000,7.4547
28,Nebraska,31,211966,2287,3488,0.5948967889908257,0.8884747706422018,2021-04-04,1952000,25.4087
29,Nevada,32,305191,5274,4922,0.3852092645266152,0.42624949207639173,2021-04-04,3185790,29.0195
30,New Hampshire,33,85846,1249,3682,0.674633351439435,0.7656165127648017,2021-04-04,1372200,153.2671
31,New Jersey,34,927195,24637,53277,0.5774349156296338,0.5733243238170317,2021-04-04,8874520,1206.7609
32,New Mexico,35,192152,3951,2809,0.4688501245995016,0.39302242791028835,2021-04-04,2105000,17.354
33,New York,36,1904141,50124,88118,0.7508568056469733,0.6236069815474704,2021-04-04,19300000,409.5404
34,North Carolina,37,922008,12161,23777,0.4517390755772385,0.4604449678260504,2021-04-04,10701000,220.1037
35,North Dakota,38,103670,1498,1261,0.7398889770023791,0.8366375892149088,2021-04-04,770026,11.1596
36,Ohio,39,1024011,18643,21280,0.5578477443609022,0.5821898496240602,2021-04-04,11714600,286.6939
37,Oklahoma,40,439149,4953,5494,0.45140152894066254,0.39643247178740443,2021-04-04,3990440,58.1739
38,Oregon,41,166882,2407,4182,0.5786704925872788,0.7006217120994739,2021-04-04,4289440,44.6873
39,Pennsylvania,42,1046714,25250,37982,0.6663682797114423,0.7898741509135907,2021-04-04,12804100,286.1699
40,Rhode Island,44,138255,2630,4918,0.5563237088247255,0.5042700284668564,2021-04-04,3194370,923.4952
41,South Carolina,45,555274,9196,15717,0.4846344722275243,0.38652414582935674,2021-04-04,1061510,1026.6054
42,South Dakota,46,118361,1938,2278,0.6044776119402985,0.49034240561896403,2021-04-04,5277830,175.5707
43,Tennessee,47,799463,11809,15106,0.565603071627168,0.4403548258969946,2021-04-04,896581,11.8265
44,Texas,48,2802562,48851,59065,0.45768221450943875,0.34878523660374167,2021-04-04,6944260,168.4069
45,Utah,49,387401,2132,6781,0.4326795457897065,0.4099690311163545,2021-04-04,29730300,113.808
46,Vermont,50,20149,229,1657,0.651780325890163,0.8020519010259505,2021-04-04,3310770,40.2917
47,Virginia,51,625148,10329,19208,0.5444606413994169,0.5092669720949604,2021-04-04,623251,67.6197
48,Washington,53,370409,5326,10029,0.6220959218267026,0.6730481603350285,2021-04-04,8603980,217.8774
49,West Virginia,54,143456,2695,4381,0.6361561287377311,0.6489385984934947,2021-04-04,7796940,117.3248
50,Wisconsin,55,639414,7341,7952,0.5924295774647887,0.6409708249496981,2021-04-04,1767860,73.5444
51,Wyoming,56,56447,700,817,0.5691554467564259,0.4908200734394125,2021-04-04,5852490,108.0633
52,Puerto Rico,72,143448,2131,2699,0.7306409781400519,1.239347906632086,2021-04-04,581075,5.9847
1,Alabama,01,516615,10637,11676,0.2556526207605344,0.21779719081877355,2021-04-03,4934190,97.427
2,Alaska,02,62987,299,1813,0.5852178709321566,0.685603971318257,2021-04-03,724357,1.2694
3,Arizona,04,843838,16991,10646,0.3352432838624836,0.42306969753898177,2021-04-03,7520100,66.2016
4,Arkansas,05,330970,5641,3894,0.3371854134565999,0.2850539291217257,2021-04-03,3033950,58.3059
5,California,06,3678212,59648,43742,0.4137899501623154,0.44369256092542636,2021-04-03,39613500,254.2929
6,Colorado,08,469052,6187,14524,0.5466813549986229,0.6153952079316992,2021-04-03,5893630,56.8653
7,Connecticut,09,313956,7904,11361,0.7498459642637092,0.7698265997711469,2021-04-03,3552820,733.7505
8,Delaware,10,96077,1565,3803,0.4625295819090192,0.6247699184854063,2021-04-03,990334,508.1242
9,District of Columbia,11,44932,1070,1902,0.4605678233438486,0.46319663512092535,2021-04-03,714153,11707.4262
10,Florida,12,2077024,33651,63465,0.5467580556212085,0.5982825179232648,2021-04-03,21944600,409.2233
11,Georgia,13,1039632,18623,22208,0.5031069884726225,0.43385266570605185,2021-04-03,10830000,188.3053
12,Hawaii,15,30246,464,989,0.6703741152679474,0.8291203235591507,2021-04-03,1406430,218.9678
13,Idaho,16,181309,1969,4490,0.44766146993318484,0.400445434298441,2021-04-03,1860120,22.5079
14,Illinois,17,1257605,23635,23164,0.6530823691935762,0.8026679329994819,2021-04-03,12569300,226.3964
15,Indiana,18,693258,13074,10666,0.5569098068629289,0.6467279204950309,2021-04-03,6805660,189.9643
16,Iowa,19,353207,5822,6133,0.6375346486222078,0.5956301972933311,2021-04-03,3167970,56.7157
17,Kansas,20,305137,4932,3323,0.4474872103520915,0.429431236834186,2021-04-03,2917220,35.6807
18,Kentucky,21,432287,6210,10305,0.39961183891314894,0.40562833575934015,2021-04-03,4480710,113.4759
19,Louisiana,22,445469,10161,6692,0.497907949790795,0.3586371787208607,2021-04-03,4627000,107.0966
20,Maine,23,51468,745,2657,0.512231840421528,0.6831012420022582,2021-04-03,1354520,43.9166
21,Maryland,24,415845,8342,12409,0.6199532597308405,0.7213312918043355,2021-04-03,6065440,624.8522
22,Massachusetts,25,643232,17281,22926,0.6411497862688651,0.6837651574631423,2021-04-03,6912240,886.1846
23,Michigan,26,768303,17249,35005,0.9221254106556206,1.2882445364947865,2021-04-03,9992430,176.7352
24,Minnesota,27,526345,6953,15157,0.6313914363000593,0.8203470343735568,2021-04-03,5706400,71.6641
25,Mississippi,28,305991,7055,5356,0.3254294249439881,0.2933159073935773,2021-04-03,2966410,63.2187
26,Missouri,29,587144,8988,58149,0.08485098625943696,0.06792894116837779,2021-04-03,6169040,89.7419
27,Montana,30,105092,1465,2117,0.5276334435521965,0.4407179971658007,2021-04-03,1085000,7.4547
28,Nebraska,31,211731,2287,3601,0.5615106914745904,0.8397667314634824,2021-04-03,1952000,25.4087
29,Nevada,32,304931,5274,4932,0.40125709651257097,0.40145985401459855,2021-04-03,3185790,29.0195
30,New Hampshire,33,85448,1247,3621,0.6708091687379177,0.7464788732394366,2021-04-03,1372200,153.2671
31,New Jersey,34,923394,24632,52559,0.5612169181301014,0.5945508856713407,2021-04-03,8874520,1206.7609
32,New Mexico,35,192152,3951,2818,0.4709013484740951,0.4488999290276792,2021-04-03,2105000,17.354
33,New York,36,1896534,50042,92041,0.6632587651155464,0.6105539922425876,2021-04-03,19300000,409.5404
34,North Carolina,37,921917,12161,23777,0.4517390755772385,0.45661773983261134,2021-04-03,10701000,220.1037
35,North Dakota,38,103609,1498,1246,0.7504012841091493,0.8354735152487961,2021-04-03,770026,11.1596
36,Ohio,39,1024011,18643,21081,0.5589867653337128,0.636022959062663,2021-04-03,11714600,286.6939
37,Oklahoma,40,439149,4953,5955,0.4164567590260285,0.36574307304785897,2021-04-03,3990440,58.1739
38,Oregon,41,166480,2406,4179,0.5731036133046183,0.6563771237138071,2021-04-03,4289440,44.6873
39,Pennsylvania,42,1043693,25243,37633,0.6590226662769378,0.7853745383041479,2021-04-03,12804100,286.1699
40,Rhode Island,44,138255,2630,4918,0.5563237088247255,0.5042700284668564,2021-04-03,3194370,923.4952
41,South Carolina,45,555274,9196,15933,0.484780016318333,0.44938178622983743,2021-04-03,1061510,1026.6054
42,South Dakota,46,118361,1938,2345,0.5791044776119403,0.5458422174840085,2021-04-03,5277830,175.5707
43,Tennessee,47,799450,11809,16081,0.531248056712891,0.41583234873453145,2021-04-03,896581,11.8265
44,Texas,48,2801550,48831,59586,0.4427717920316853,0.37878025039438795,2021-04-03,6944260,168.4069
45,Utah,49,387057,2132,6817,0.4283409124248203,0.4145518556549802,2021-04-03,29730300,113.808
46,Vermont,50,19905,229,1591,0.6712759270898806,0.8057825267127593,2021-04-03,3310770,40.2917
47,Virginia,51,623881,10287,19211,0.5322992035812816,0.5156941335693093,2021-04-03,623251,67.6197
48,Washington,53,370362,5326,10075,0.616575682382134,0.6723573200992555,2021-04-03,8603980,217.8774
49,West Virginia,54,143106,2693,4188,0.6776504297994269,0.666189111747851,2021-04-03,7796940,117.3248
50,Wisconsin,55,638777,7342,7890,0.5930291508238277,0.6249683143219265,2021-04-03,1767860,73.5444
51,Wyoming,56,56447,700,817,0.5691554467564259,0.4908200734394125,2021-04-03,5852490,108.0633
52,Puerto Rico,72,143022,2126,2894,0.5777470628887353,1.2142363510711818,2021-04-03,581075,5.9847
1,Alabama,01,516266,10607,11692,0.25667122819021554,0.22972972972972974,2021-04-02,4934190,97.427
2,Alaska,02,62987,299,1813,0.5852178709321566,0.685603971318257,2021-04-02,724357,1.2694
3,Arizona,04,843132,16989,11672,0.30003427004797806,0.3918779986291981,2021-04-02,7520100,66.2016
4,Arkansas,05,330753,5639,3947,0.3602736255383836,0.2680516848239169,2021-04-02,3033950,58.3059
5,California,06,3675326,59574,45817,0.39675229718226857,0.40668310888971343,2021-04-02,39613500,254.2929
6,Colorado,08,468002,6184,13501,0.5745500333308644,0.7329827420191097,2021-04-02,5893630,56.8653
7,Connecticut,09,313956,7904,11361,0.7498459642637092,0.7698265997711469,2021-04-02,3552820,733.7505
8,Delaware,10,95590,1565,3761,0.44934857750598245,0.6022334485509173,2021-04-02,990334,508.1242
9,District of Columbia,11,44807,1069,1912,0.41370292887029286,0.5135983263598326,2021-04-02,714153,11707.4262
10,Florida,12,2071007,33585,63050,0.5380174464710548,0.6000951625693893,2021-04-02,21944600,409.2233
11,Georgia,13,1038351,18592,22698,0.49929509207859724,0.43633800334831263,2021-04-02,10830000,188.3053
12,Hawaii,15,30140,460,985,0.6538071065989848,0.8304568527918782,2021-04-02,1406430,218.9678
13,Idaho,16,181298,1969,4363,0.4632133852853541,0.4549621819848728,2021-04-02,1860120,22.5079
14,Illinois,17,1254866,23626,23801,0.6085878744590564,0.7704718289147515,2021-04-02,12569300,226.3964
15,Indiana,18,692207,13069,11009,0.5316559178853665,0.6199473158325007,2021-04-02,6805660,189.9643
16,Iowa,19,352714,5754,6183,0.6066634319909429,0.5917839236616529,2021-04-02,3167970,56.7157
17,Kansas,20,305137,4932,3326,0.447083583884546,0.4290438965724594,2021-04-02,2917220,35.6807
18,Kentucky,21,431785,6192,10636,0.3902783001128244,0.3887739751786386,2021-04-02,4480710,113.4759
19,Louisiana,22,445469,10161,6692,0.497907949790795,0.3586371787208607,2021-04-02,4627000,107.0966
20,Maine,23,51189,744,2618,0.524446142093201,0.6669213139801375,2021-04-02,1354520,43.9166
21,Maryland,24,414570,8319,12223,0.6090976028798167,0.7397529248138754,2021-04-02,6065440,624.8522
22,Massachusetts,25,640779,17249,22272,0.6512661637931034,0.7090966235632183,2021-04-02,6912240,886.1846
23,Michigan,26,759190,17185,33248,0.9197244947064485,1.2333974975938402,2021-04-02,9992430,176.7352
24,Minnesota,27,524281,6942,14723,0.6258235413978129,0.8222508999524554,2021-04-02,5706400,71.6641
25,Mississippi,28,305701,7051,5571,0.3399748698617842,0.267635971997846,2021-04-02,2966410,63.2187
26,Missouri,29,586634,8985,58062,0.08516757948399986,0.06844407702111537,2021-04-02,6169040,89.7419
27,Montana,30,104992,1454,2102,0.5742150333016175,0.42102759276879165,2021-04-02,1085000,7.4547
28,Nebraska,31,211422,2284,3599,0.48430119477632677,0.891636565712698,2021-04-02,1952000,25.4087
29,Nevada,32,304478,5260,5138,0.3787465940054496,0.35480731802257687,2021-04-02,3185790,29.0195
30,New Hampshire,33,85010,1245,3574,0.6653609401231113,0.7375489647453833,2021-04-02,1372200,153.2671
31,New Jersey,34,918949,24615,51372,0.5789145838199797,0.6125905162345247,2021-04-02,8874520,1206.7609
32,New Mexico,35,192152,3951,2914,0.4605353466026081,0.49279341111873715,2021-04-02,2105000,17.354
33,New York,36,1888823,49946,93500,0.6308128342245989,0.611957219251337,2021-04-02,19300000,409.5404
34,North Carolina,37,921917,12161,23730,0.528866413822166,0.4575221238938053,2021-04-02,10701000,220.1037
35,North Dakota,38,103492,1498,1237,0.7025060630557801,0.8714632174616006,2021-04-02,770026,11.1596
36,Ohio,39,1021718,18643,21106,0.5485170093812186,0.6066995167251019,2021-04-02,11714600,286.6939
37,Oklahoma,40,439149,4953,6933,0.3577095052646762,0.31414971873647773,2021-04-02,3990440,58.1739
38,Oregon,41,166014,2402,4083,0.5633112907176095,0.6480529022777369,2021-04-02,4289440,44.6873
39,Pennsylvania,42,1038349,25206,36372,0.6853073793027603,0.7650940283734741,2021-04-02,12804100,286.1699
40,Rhode Island,44,138255,2630,4918,0.5563237088247255,0.5042700284668564,2021-04-02,3194370,923.4952
41,South Carolina,45,554031,9179,15543,0.5062729202856592,0.4735893971562761,2021-04-02,1061510,1026.6054
42,South Dakota,46,118186,1938,2289,0.5744866754041066,0.5910878112712975,2021-04-02,5277830,175.5707
43,Tennessee,47,799445,11809,17047,0.5047222385170411,0.39426292016190534,2021-04-02,896581,11.8265
44,Texas,48,2799889,48755,60671,0.4252773153565954,0.39555965782663877,2021-04-02,6944260,168.4069
45,Utah,49,386610,2131,6920,0.42297687861271677,0.4102601156069364,2021-04-02,29730300,113.808
46,Vermont,50,19755,228,1574,0.7020330368487929,0.7986022871664549,2021-04-02,3310770,40.2917
47,Virginia,51,622339,10279,19122,0.5166823554021546,0.5374437820311683,2021-04-02,623251,67.6197
48,Washington,53,369319,5325,9904,0.5821890145395799,0.6983037156704361,2021-04-02,8603980,217.8774
49,West Virginia,54,142653,2688,4128,0.6438953488372093,0.7032461240310077,2021-04-02,7796940,117.3248
50,Wisconsin,55,637988,7338,7971,0.5670555764646845,0.6064483753606825,2021-04-02,1767860,73.5444
51,Wyoming,56,56447,700,817,0.5691554467564259,0.4908200734394125,2021-04-02,5852490,108.0633
52,Puerto Rico,72,142387,2126,2829,0.6115235065394132,1.112407211028632,2021-04-02,581075,5.9847
1,Alabama,01,515866,10553,11972,0.25810223855663217,0.22786501837621115,2021-04-01,4934190,97.427
2,Alaska,02,62785,299,1884,0.505307855626327,0.6512738853503185,2021-04-01,724357,1.2694
3,Arizona,04,842200,16977,13133,0.2573669382471636,0.3207949440341125,2021-04-01,7520100,66.2016
4,Arkansas,05,330609,5636,4289,0.3418046164607135,0.2560037304733038,2021-04-01,3033950,58.3059
5,California,06,3671559,59370,47670,0.37791063561988675,0.3826515628277743,2021-04-01,39613500,254.2929
6,Colorado,08,466368,6183,13758,0.5672336095362698,0.6801860735572031,2021-04-01,5893630,56.8653
7,Connecticut,09,312468,7900,10984,0.7306991988346686,0.8155498907501821,2021-04-01,3552820,733.7505
8,Delaware,10,95188,1559,3782,0.4264939185616076,0.5684822845055526,2021-04-01,990334,508.1242
9,District of Columbia,11,44656,1066,1878,0.41373801916932906,0.5255591054313099,2021-04-01,714153,11707.4262
10,Florida,12,2064517,33493,63885,0.5214369570321672,0.580668388510605,2021-04-01,21944600,409.2233
11,Georgia,13,1036700,18536,23166,0.47772597772597775,0.4346024346024346,2021-04-01,10830000,188.3053
12,Hawaii,15,29888,460,905,0.6751381215469613,0.8486187845303867,2021-04-01,1406430,218.9678
13,Idaho,16,181023,1967,4189,0.5010742420625448,0.48078300310336597,2021-04-01,1860120,22.5079
14,Illinois,17,1251829,23601,22928,0.5997034193998604,0.8030355896720167,2021-04-01,12569300,226.3964
15,Indiana,18,691001,13048,11001,0.5101354422325243,0.6108535587673848,2021-04-01,6805660,189.9643
16,Iowa,19,352137,5751,6272,0.5790816326530612,0.5811543367346939,2021-04-01,3167970,56.7157
17,Kansas,20,304685,4913,3568,0.41507847533632286,0.39742152466367714,2021-04-01,2917220,35.6807
18,Kentucky,21,431160,6172,10618,0.41985307967602187,0.3914108118289697,2021-04-01,4480710,113.4759
19,Louisiana,22,445469,10161,7016,0.43856898517673887,0.40607183580387685,2021-04-01,4627000,107.0966
20,Maine,23,50788,744,2605,0.5213051823416507,0.6134357005758158,2021-04-01,1354520,43.9166
21,Maryland,24,413113,8303,11983,0.603938913460736,0.7465576232996746,2021-04-01,6065440,624.8522
22,Massachusetts,25,638339,17217,22008,0.6319520174482006,0.7321428571428571,2021-04-01,6912240,886.1846
23,Michigan,26,753124,17165,30750,0.9383739837398374,1.3310569105691057,2021-04-01,9992430,176.7352
24,Minnesota,27,521745,6938,14084,0.6354728770235728,0.8001278046009657,2021-04-01,5706400,71.6641
25,Mississippi,28,305417,7048,5770,0.34974003466204506,0.255632582322357,2021-04-01,2966410,63.2187
26,Missouri,29,585861,8981,57962,0.07836168524205514,0.07330664918394811,2021-04-01,6169040,89.7419
27,Montana,30,104865,1438,2096,0.5844465648854962,0.4312977099236641,2021-04-01,1085000,7.4547
28,Nebraska,31,210455,2284,3675,0.47401360544217686,0.6848979591836735,2021-04-01,1952000,25.4087
29,Nevada,32,304139,5256,5263,0.33574007220216606,0.3667110013300399,2021-04-01,3185790,29.0195
30,New Hampshire,33,84539,1245,3524,0.66316685584563,0.7094211123723042,2021-04-01,1372200,153.2671
31,New Jersey,34,914420,24591,50678,0.5630253759027586,0.6420932159911599,2021-04-01,8874520,1206.7609
32,New Mexico,35,191946,3944,3002,0.44403730846102596,0.48467688207861426,2021-04-01,2105000,17.354
33,New York,36,1880768,49872,96574,0.5804357280427445,0.5919398595895375,2021-04-01,19300000,409.5404
34,North Carolina,37,921917,12160,24009,0.5073514098879587,0.5435045191386564,2021-04-01,10701000,220.1037
35,North Dakota,38,103331,1498,1220,0.6524590163934426,0.9024590163934426,2021-04-01,770026,11.1596
36,Ohio,39,1020041,18609,21305,0.4874911992490026,0.6510208871157005,2021-04-01,11714600,286.6939
37,Oklahoma,40,438777,4953,7434,0.3267419962335217,0.30575733118106,2021-04-01,3990440,58.1739
38,Oregon,41,165524,2398,3928,0.5692464358452138,0.6736252545824847,2021-04-01,4289440,44.6873
39,Pennsylvania,42,1034263,25179,35660,0.6558889512058329,0.8064778463264162,2021-04-01,12804100,286.1699
40,Rhode Island,44,137848,2624,4889,0.5469421149519329,0.523215381468603,2021-04-01,3194370,923.4952
41,South Carolina,45,552681,9174,15935,0.48672732977721994,0.46608095387511767,2021-04-01,1061510,1026.6054
42,South Dakota,46,117989,1938,2138,0.6646398503274088,0.6384471468662302,2021-04-01,5277830,175.5707
43,Tennessee,47,799226,11809,16613,0.5390356949376994,0.4688496960211882,2021-04-01,896581,11.8265
44,Texas,48,2797637,48650,62347,0.413476189712416,0.41174394918761126,2021-04-01,6944260,168.4069
45,Utah,49,386188,2125,7079,0.4042943918632575,0.41361774261901396,2021-04-01,29730300,113.808
46,Vermont,50,19523,227,1561,0.6201153106982703,0.8379244074311338,2021-04-01,3310770,40.2917
47,Virginia,51,620801,10268,19142,0.5074182426078779,0.5505171873367464,2021-04-01,623251,67.6197
48,Washington,53,368049,5316,9676,0.5781314592806945,0.6974989665150889,2021-04-01,8603980,217.8774
49,West Virginia,54,142233,2683,4039,0.6276306016340678,0.7383015597920277,2021-04-01,7796940,117.3248
50,Wisconsin,55,637117,7327,8007,0.5472711377544649,0.5977269888847259,2021-04-01,1767860,73.5444
51,Wyoming,56,56389,700,794,0.5554156171284634,0.5906801007556675,2021-04-01,5852490,108.0633
52,Puerto Rico,72,141595,2121,2812,0.5501422475106685,0.9793741109530584,2021-04-01,581075,5.9847
1,Alabama,01,515388,10554,12322,0.2625385489368609,0.21725369258237298,2021-03-31,4934190,97.427
2,Alaska,02,62559,299,1877,0.5114544485881726,0.6116142781033564,2021-03-31,724357,1.2694
3,Arizona,04,841811,16967,13768,0.2556653108657757,0.2877687391051714,2021-03-31,7520100,66.2016
4,Arkansas,05,330398,5626,4428,0.3152664859981933,0.2757452574525745,2021-03-31,3033950,58.3059
5,California,06,3668917,59233,49358,0.3869281575428502,0.3663843753798776,2021-03-31,39613500,254.2929
6,Colorado,08,464782,6175,13697,0.6007884938307658,0.6361246988391619,2021-03-31,5893630,56.8653
7,Connecticut,09,310888,7886,10706,0.7186624322809639,0.8281337567719036,2021-03-31,3552820,733.7505
8,Delaware,10,94802,1559,3698,0.4586262844780963,0.5362358031368307,2021-03-31,990334,508.1242
9,District of Columbia,11,44513,1064,1993,0.3933768188660311,0.4606121424987456,2021-03-31,714153,11707.4262
10,Florida,12,2057727,33424,64910,0.5027268525650901,0.5558311508242182,2021-03-31,21944600,409.2233
11,Georgia,13,1035186,18473,23642,0.4733102106420777,0.4507232890618391,2021-03-31,10830000,188.3053
12,Hawaii,15,29779,460,874,0.665903890160183,0.88558352402746,2021-03-31,1406430,218.9678
13,Idaho,16,180643,1965,4147,0.5001205690860864,0.47745358090185674,2021-03-31,1860120,22.5079
14,Illinois,17,1248133,23579,22298,0.6231949053726792,0.7614584267647323,2021-03-31,12569300,226.3964
15,Indiana,18,689785,13039,10974,0.5125751776927283,0.5882084928011664,2021-03-31,6805660,189.9643
16,Iowa,19,351402,5743,6259,0.5307557117750439,0.6090429781115194,2021-03-31,3167970,56.7157
17,Kansas,20,304657,4913,3585,0.40390516039051605,0.40334728033472805,2021-03-31,2917220,35.6807
18,Kentucky,21,430116,6151,10906,0.4061984228864845,0.3581514762516046,2021-03-31,4480710,113.4759
19,Louisiana,22,444933,10141,7231,0.4451666436177569,0.3750518600470198,2021-03-31,4627000,107.0966
20,Maine,23,50504,743,2500,0.5524,0.6128,2021-03-31,1354520,43.9166
21,Maryland,24,411529,8286,11679,0.5966264234951623,0.7486942375203356,2021-03-31,6065440,624.8522
22,Massachusetts,25,635580,17185,21634,0.6211981140796894,0.728667837662938,2021-03-31,6912240,886.1846
23,Michigan,26,745944,17112,29475,0.8831212892281595,1.34490245971162,2021-03-31,9992430,176.7352
24,Minnesota,27,519607,6926,13528,0.6341661738616203,0.8129804849201656,2021-03-31,5706400,71.6641
25,Mississippi,28,305146,7032,5927,0.34131938586131266,0.25662223721950395,2021-03-31,2966410,63.2187
26,Missouri,29,585211,8977,57833,0.06989089274289766,0.0831013435235938,2021-03-31,6169040,89.7419
27,Montana,30,104677,1437,2133,0.559774964838256,0.41303328645100795,2021-03-31,1085000,7.4547
28,Nebraska,31,209912,2284,3714,0.46795907377490575,0.613354873451804,2021-03-31,1952000,25.4087
29,Nevada,32,303811,5249,5435,0.2892364305427783,0.37700091996320145,2021-03-31,3185790,29.0195
30,New Hampshire,33,84176,1238,3377,0.6378442404501037,0.7862007699141249,2021-03-31,1372200,153.2671
31,New Jersey,34,908812,24528,49399,0.5882912609566995,0.625032895402741,2021-03-31,8874520,1206.7609
32,New Mexico,35,191652,3939,3009,0.4546360917248255,0.4576271186440678,2021-03-31,2105000,17.354
33,New York,36,1871595,49790,98527,0.53677672110183,0.5752331848122849,2021-03-31,19300000,409.5404
34,North Carolina,37,919817,12137,24251,0.5158137808750155,0.5384520225970063,2021-03-31,10701000,220.1037
35,North Dakota,38,103123,1498,1218,0.5886699507389163,0.8957307060755336,2021-03-31,770026,11.1596
36,Ohio,39,1017566,18609,21076,0.5213987473903967,0.6118808122983488,2021-03-31,11714600,286.6939
37,Oklahoma,40,438364,4953,7770,0.3370656370656371,0.2868725868725869,2021-03-31,3990440,58.1739
38,Oregon,41,165013,2396,3961,0.5334511486998232,0.6442817470335774,2021-03-31,4289440,44.6873
39,Pennsylvania,42,1030415,25150,35617,0.6414914226352585,0.8002358424347924,2021-03-31,12804100,286.1699
40,Rhode Island,44,137329,2619,4899,0.5354153908961012,0.5147989385588896,2021-03-31,3194370,923.4952
41,South Carolina,45,551630,9146,16104,0.4859041231992052,0.47845255837059114,2021-03-31,1061510,1026.6054
42,South Dakota,46,117759,1935,2133,0.6582278481012658,0.6511954992967651,2021-03-31,5277830,175.5707
43,Tennessee,47,797531,11798,17296,0.4846785383903793,0.4368061979648474,2021-03-31,896581,11.8265
44,Texas,48,2794027,48537,66509,0.35796659098768585,0.4127561683381197,2021-03-31,6944260,168.4069
45,Utah,49,385700,2122,7074,0.41744416171897086,0.41122420130053716,2021-03-31,29730300,113.808
46,Vermont,50,19275,227,1619,0.5694873378628783,0.7702285361334157,2021-03-31,3310770,40.2917
47,Virginia,51,618976,10252,18360,0.5575163398692811,0.5594771241830065,2021-03-31,623251,67.6197
48,Washington,53,366907,5309,9713,0.5453515906517039,0.6902089982497683,2021-03-31,8603980,217.8774
49,West Virginia,54,141738,2676,3918,0.6339969372128637,0.74527820316488,2021-03-31,7796940,117.3248
50,Wisconsin,55,636250,7316,8177,0.5187721658309894,0.5799192858016388,2021-03-31,1767860,73.5444
51,Wyoming,56,56310,700,833,0.5258103241296519,0.5078031212484994,2021-03-31,5852490,108.0633
52,Puerto Rico,72,141085,2118,2582,0.6270333075135553,0.9697908597986057,2021-03-31,581075,5.9847
1,Alabama,01,514980,10527,14296,0.2148852825965305,0.2232092893116956,2021-03-30,4934190,97.427
2,Alaska,02,62395,299,1894,0.49366420274551215,0.6246040126715945,2021-03-30,724357,1.2694
3,Arizona,04,841078,16941,14602,0.23017394877414052,0.262566771675113,2021-03-30,7520100,66.2016
4,Arkansas,05,330186,5616,4507,0.33059684934546263,0.27512757932105614,2021-03-30,3033950,58.3059
5,California,06,3666410,59089,50393,0.39072887107336335,0.36421725239616615,2021-03-30,39613500,254.2929
6,Colorado,08,462991,6172,14210,0.48043631245601687,0.6344123856439128,2021-03-30,5893630,56.8653
7,Connecticut,09,310056,7885,10827,0.6105107601366953,0.8766047843354576,2021-03-30,3552820,733.7505
8,Delaware,10,94573,1559,3558,0.5222034851039911,0.5519955030916245,2021-03-30,990334,508.1242
9,District of Columbia,11,44413,1061,1963,0.38614365766683645,0.47121752419765667,2021-03-30,714153,11707.4262
10,Florida,12,2052433,33337,66325,0.4837994722955145,0.541696192989069,2021-03-30,21944600,409.2233
11,Georgia,13,1033379,18406,24393,0.48436026728979625,0.41827573484196284,2021-03-30,10830000,188.3053
12,Hawaii,15,29689,459,825,0.7187878787878788,0.8957575757575758,2021-03-30,1406430,218.9678
13,Idaho,16,180233,1960,4102,0.5170648464163823,0.4824475865431497,2021-03-30,1860120,22.5079
14,Illinois,17,1245548,23542,22885,0.5537688442211055,0.7485252348700022,2021-03-30,12569300,226.3964
15,Indiana,18,688740,13038,10837,0.5131493955891852,0.588723816554397,2021-03-30,6805660,189.9643
16,Iowa,19,350756,5729,6355,0.4931549960660897,0.5933910306845004,2021-03-30,3167970,56.7157
17,Kansas,20,304179,4902,3710,0.4029649595687331,0.40808625336927223,2021-03-30,2917220,35.6807
18,Kentucky,21,429501,6126,11046,0.42576498279920333,0.3538837588267246,2021-03-30,4480710,113.4759
19,Louisiana,22,444414,10132,7286,0.4411199560801537,0.3627504803733187,2021-03-30,4627000,107.0966
20,Maine,23,50253,738,2444,0.5666939443535188,0.6055646481178396,2021-03-30,1354520,43.9166
21,Maryland,24,410163,8273,11548,0.5812261863526151,0.7404745410460686,2021-03-30,6065440,624.8522
22,Massachusetts,25,633081,17148,21822,0.5970580148474017,0.705068279717716,2021-03-30,6912240,886.1846
23,Michigan,26,738878,17100,27477,0.905448193034174,1.3659424245732794,2021-03-30,9992430,176.7352
24,Minnesota,27,517959,6914,13271,0.6258006178886294,0.803255218144827,2021-03-30,5706400,71.6641
25,Mississippi,28,304858,7013,5955,0.33383711167086483,0.27204030226700254,2021-03-30,2966410,63.2187
26,Missouri,29,584512,8971,57539,0.07035228279949252,0.0850901127930621,2021-03-30,6169040,89.7419
27,Montana,30,104456,1437,2197,0.5052344105598543,0.3991807009558489,2021-03-30,1085000,7.4547
28,Nebraska,31,209474,2283,3752,0.4677505330490405,0.5525053304904051,2021-03-30,1952000,25.4087
29,Nevada,32,303533,5239,5551,0.2940010808863268,0.36281751035849397,2021-03-30,3185790,29.0195
30,New Hampshire,33,83714,1237,3267,0.6311600857055403,0.7903275176002449,2021-03-30,1372200,153.2671
31,New Jersey,34,905144,24486,48778,0.6002091106646439,0.64176473000123,2021-03-30,8874520,1206.7609
32,New Mexico,35,191377,3934,3122,0.4484304932735426,0.4205637411915439,2021-03-30,2105000,17.354
33,New York,36,1863912,49696,98509,0.39879604909196115,0.7022404044300521,2021-03-30,19300000,409.5404
34,North Carolina,37,917777,12116,24697,0.4880349840061546,0.5328987326395919,2021-03-30,10701000,220.1037
35,North Dakota,38,102912,1498,1194,0.5988274706867671,0.8509212730318257,2021-03-30,770026,11.1596
36,Ohio,39,1015577,18609,21640,0.48978743068391867,0.5894177449168208,2021-03-30,11714600,286.6939
37,Oklahoma,40,437974,4850,8026,0.32506852728631946,0.2915524545228009,2021-03-30,3990440,58.1739
38,Oregon,41,164582,2395,3996,0.5047547547547547,0.6208708708708709,2021-03-30,4289440,44.6873
39,Pennsylvania,42,1025958,25106,35061,0.6095947063688999,0.8189441259519123,2021-03-30,12804100,286.1699
40,Rhode Island,44,136765,2618,4901,0.5276474188941033,0.4956131401754744,2021-03-30,3194370,923.4952
41,South Carolina,45,550669,9126,16046,0.5012464165524119,0.4834226598529228,2021-03-30,1061510,1026.6054
42,South Dakota,46,117495,1935,2139,0.6119682094436653,0.6521739130434783,2021-03-30,5277830,175.5707
43,Tennessee,47,796371,11789,16924,0.5117584495391161,0.4621838808792248,2021-03-30,896581,11.8265
44,Texas,48,2789929,48418,69554,0.35266124162521206,0.3907898898697415,2021-03-30,6944260,168.4069
45,Utah,49,385186,2118,7104,0.43496621621621623,0.41624436936936937,2021-03-30,29730300,113.808
46,Vermont,50,19109,225,1675,0.528955223880597,0.702089552238806,2021-03-30,3310770,40.2917
47,Virginia,51,617941,10242,18582,0.543160047357658,0.5762027768808524,2021-03-30,623251,67.6197
48,Washington,53,365816,5302,9465,0.5609086106708928,0.689487585842578,2021-03-30,8603980,217.8774
49,West Virginia,54,141322,2640,3835,0.6284224250325945,0.754367666232073,2021-03-30,7796940,117.3248
50,Wisconsin,55,635523,7293,8227,0.42579312021392973,0.6664640816822657,2021-03-30,1767860,73.5444
51,Wyoming,56,56236,695,825,0.5418181818181819,0.5296969696969697,2021-03-30,5852490,108.0633
52,Puerto Rico,72,140720,2113,2543,0.6331104994101455,0.8718049547778215,2021-03-30,581075,5.9847
1,Alabama,01,514619,10526,14460,0.24550484094052558,0.19640387275242047,2021-03-29,4934190,97.427
2,Alaska,02,61744,299,1945,0.442159383033419,0.36503856041131105,2021-03-29,724357,1.2694
3,Arizona,04,840501,16918,15123,0.22125239701117502,0.24889241552601998,2021-03-29,7520100,66.2016
4,Arkansas,05,330008,5601,4551,0.36189848384970336,0.2858712370907493,2021-03-29,3033950,58.3059
5,California,06,3664032,58988,52648,0.36571189788785896,0.35089652028567087,2021-03-29,39613500,254.2929
6,Colorado,08,461969,6166,14641,0.42469776654600094,0.609521207567789,2021-03-29,5893630,56.8653
7,Connecticut,09,308439,7883,10476,0.6266704849179076,0.8373424971363116,2021-03-29,3552820,733.7505
8,Delaware,10,94402,1552,3534,0.5135823429541596,0.5582908885116016,2021-03-29,990334,508.1242
9,District of Columbia,11,44248,1059,1939,0.39195461578133056,0.44610624033006707,2021-03-29,714153,11707.4262
10,Florida,12,2047371,33246,68713,0.45954913917308227,0.5263632791465953,2021-03-29,21944600,409.2233
11,Georgia,13,1032045,18381,25620,0.4605776736924278,0.41943793911007027,2021-03-29,10830000,188.3053
12,Hawaii,15,29626,459,813,0.7380073800738007,0.8782287822878229,2021-03-29,1406430,218.9678
13,Idaho,16,179897,1960,4156,0.5185274302213667,0.4735322425409047,2021-03-29,1860120,22.5079
14,Illinois,17,1243171,23527,22556,0.5688951941833659,0.7348820712892357,2021-03-29,12569300,226.3964
15,Indiana,18,688017,13028,10813,0.5053176731711828,0.5842966799223157,2021-03-29,6805660,189.9643
16,Iowa,19,350219,5729,6413,0.45454545454545453,0.6238889755184781,2021-03-29,3167970,56.7157
17,Kansas,20,304143,4902,3698,0.3969713358572201,0.4167117360735533,2021-03-29,2917220,35.6807
18,Kentucky,21,428835,6104,11156,0.4218357834349229,0.36921835783434925,2021-03-29,4480710,113.4759
19,Louisiana,22,443905,10122,7061,0.49582212151253363,0.4020676957937969,2021-03-29,4627000,107.0966
20,Maine,23,50030,736,2437,0.5921214608124743,0.5695527287648748,2021-03-29,1354520,43.9166
21,Maryland,24,409260,8260,11356,0.5855935188446636,0.7370553011623812,2021-03-29,6065440,624.8522
22,Massachusetts,25,631031,17130,20921,0.5931838822236031,0.7244873572008986,2021-03-29,6912240,886.1846
23,Michigan,26,732621,17048,26296,0.8799437176756921,1.3622223912382112,2021-03-29,9992430,176.7352
24,Minnesota,27,516686,6913,12988,0.6281182630120111,0.7885740683708038,2021-03-29,5706400,71.6641
25,Mississippi,28,304695,7001,5887,0.34839476813317477,0.2994734160013589,2021-03-29,2966410,63.2187
26,Missouri,29,583933,8920,57354,0.07106740593506991,0.08553893364019946,2021-03-29,6169040,89.7419
27,Montana,30,104293,1436,1940,0.6041237113402061,0.5494845360824743,2021-03-29,1085000,7.4547
28,Nebraska,31,209165,2282,3884,0.43357363542739447,0.5254891864057673,2021-03-29,1952000,25.4087
29,Nevada,32,303305,5237,5470,0.3369287020109689,0.35319926873857405,2021-03-29,3185790,29.0195
30,New Hampshire,33,83340,1237,3225,0.6006201550387597,0.8031007751937984,2021-03-29,1372200,153.2671
31,New Jersey,34,900271,24404,48350,0.5830610134436401,0.6459979317476732,2021-03-29,8874520,1206.7609
32,New Mexico,35,191230,3927,3191,0.4403008461297399,0.4189909119398308,2021-03-29,2105000,17.354
33,New York,36,1858162,49648,98179,0.39921979241996763,0.7153057171085466,2021-03-29,19300000,409.5404
34,North Carolina,37,916238,12110,24721,0.5097690222887423,0.5229157396545447,2021-03-29,10701000,220.1037
35,North Dakota,38,102671,1498,1150,0.6086956521739131,0.8165217391304348,2021-03-29,770026,11.1596
36,Ohio,39,1013119,18526,21466,0.5056834063169664,0.5554830895369421,2021-03-29,11714600,286.6939
37,Oklahoma,40,437853,4850,7905,0.33611638203668565,0.3039848197343453,2021-03-29,3990440,58.1739
38,Oregon,41,164256,2390,3999,0.48212053013253314,0.6141535383845962,2021-03-29,4289440,44.6873
39,Pennsylvania,42,1020584,25073,34464,0.6049791086350975,0.7823235840297121,2021-03-29,12804100,286.1699
40,Rhode Island,44,136419,2613,4899,0.5209226372729129,0.48581343131251276,2021-03-29,3194370,923.4952
41,South Carolina,45,550068,9122,16212,0.4943868739205527,0.48513446829509005,2021-03-29,1061510,1026.6054
42,South Dakota,46,117336,1933,2179,0.6071592473611749,0.6259752179899036,2021-03-29,5277830,175.5707
43,Tennessee,47,795088,11761,16877,0.5033477513776144,0.46364875274041595,2021-03-29,896581,11.8265
44,Texas,48,2786477,48307,70927,0.36658818221551737,0.3965203660101231,2021-03-29,6944260,168.4069
45,Utah,49,384815,2114,7110,0.44838255977496483,0.41758087201125177,2021-03-29,29730300,113.808
46,Vermont,50,19002,225,1708,0.4959016393442623,0.6809133489461359,2021-03-29,3310770,40.2917
47,Virginia,51,616509,10219,18691,0.5405810283023915,0.5639077630945375,2021-03-29,623251,67.6197
48,Washington,53,365029,5296,9621,0.5595052489346222,0.655025465128365,2021-03-29,8603980,217.8774
49,West Virginia,54,140991,2638,3630,0.6677685950413224,0.7958677685950413,2021-03-29,7796940,117.3248
50,Wisconsin,55,634662,7278,8188,0.5014655593551539,0.5701025891548608,2021-03-29,1767860,73.5444
51,Wyoming,56,56190,695,856,0.47079439252336447,0.5373831775700935,2021-03-29,5852490,108.0633
52,Puerto Rico,72,140550,2112,2627,0.5831747240197944,0.8344118766653978,2021-03-29,581075,5.9847
1,Alabama,01,514391,10526,10421,0.747241147682564,0.28125899625755685,2021-03-28,4934190,97.427
2,Alaska,02,61744,299,1950,0.45487179487179485,0.5441025641025641,2021-03-28,724357,1.2694
3,Arizona,04,839888,16919,15511,0.22629101927664239,0.2343498162594288,2021-03-28,7520100,66.2016
4,Arkansas,05,329929,5595,4528,0.37809187279151946,0.28136042402826855,2021-03-28,3033950,58.3059
5,California,06,3660973,58900,53883,0.35836905888684745,0.34001447580869665,2021-03-28,39613500,254.2929
6,Colorado,08,460827,6165,14983,0.45211239404658615,0.5406126943869719,2021-03-28,5893630,56.8653
7,Connecticut,09,305210,7865,10631,0.575110525820713,0.8013357163013828,2021-03-28,3552820,733.7505
8,Delaware,10,94062,1544,3582,0.5321049692908989,0.4955332216638749,2021-03-28,990334,508.1242
9,District of Columbia,11,44175,1056,1913,0.3753267119707266,0.494511238891793,2021-03-28,714153,11707.4262
10,Florida,12,2043997,33177,67587,0.4666725849645642,0.5275570745853493,2021-03-28,21944600,409.2233
11,Georgia,13,1030899,18349,26698,0.44355382425649864,0.39384972657127876,2021-03-28,10830000,188.3053
12,Hawaii,15,29528,459,795,0.7119496855345911,0.8729559748427673,2021-03-28,1406430,218.9678
13,Idaho,16,179511,1957,4096,0.5361328125,0.49072265625,2021-03-28,1860120,22.5079
14,Illinois,17,1241187,23521,22973,0.537195838593131,0.6943368301919645,2021-03-28,12569300,226.3964
15,Indiana,18,687304,13023,10942,0.4904039480899287,0.5589471760190093,2021-03-28,6805660,189.9643
16,Iowa,19,349714,5725,6431,0.4507852589021925,0.6109469755870005,2021-03-28,3167970,56.7157
17,Kansas,20,303710,4891,3904,0.3896004098360656,0.38089139344262296,2021-03-28,2917220,35.6807
18,Kentucky,21,428419,6062,11186,0.41963168246021815,0.37073127123189703,2021-03-28,4480710,113.4759
19,Louisiana,22,443069,10087,7293,0.32140408610996846,0.4568764568764569,2021-03-28,4627000,107.0966
20,Maine,23,49850,736,2391,0.6018402342116269,0.5796737766624843,2021-03-28,1354520,43.9166
21,Maryland,24,408229,8251,11342,0.5805854346676071,0.7071944983248104,2021-03-28,6065440,624.8522
22,Massachusetts,25,629531,17115,21160,0.5841209829867675,0.7024102079395085,2021-03-28,6912240,886.1846
23,Michigan,26,723324,17038,24397,0.8721564126736894,1.3213919744230849,2021-03-28,9992430,176.7352
24,Minnesota,27,515136,6908,12798,0.611970620409439,0.7691826847944991,2021-03-28,5706400,71.6641
25,Mississippi,28,304616,7001,5985,0.3436925647451963,0.29724310776942353,2021-03-28,2966410,63.2187
26,Missouri,29,583530,8943,57725,0.06653962754439151,0.08476396708531832,2021-03-28,6169040,89.7419
27,Montana,30,104184,1436,1836,0.6949891067538126,0.5844226579520697,2021-03-28,1085000,7.4547
28,Nebraska,31,208867,2281,3751,0.46467608637696617,0.5531858171154359,2021-03-28,1952000,25.4087
29,Nevada,32,303093,5236,5511,0.3395028125567048,0.34403919433859553,2021-03-28,3185790,29.0195
30,New Hampshire,33,83027,1237,3191,0.6041993105609527,0.7784393607019743,2021-03-28,1372200,153.2671
31,New Jersey,34,896650,24389,48670,0.5724676392027943,0.6320936922128622,2021-03-28,8874520,1206.7609
32,New Mexico,35,191048,3927,3179,0.4466813463353256,0.4142812205095942,2021-03-28,2105000,17.354
33,New York,36,1849190,49537,97496,0.42469434643472553,0.6786329695577255,2021-03-28,19300000,409.5404
34,North Carolina,37,911060,12051,24960,0.509775641025641,0.43032852564102564,2021-03-28,10701000,220.1037
35,North Dakota,38,102615,1498,1168,0.5779109589041096,0.7988013698630136,2021-03-28,770026,11.1596
36,Ohio,39,1011622,18526,21769,0.4850934815563416,0.545316734806376,2021-03-28,11714600,286.6939
37,Oklahoma,40,436971,4850,7975,0.25178683385579936,0.3109717868338558,2021-03-28,3990440,58.1739
38,Oregon,41,163952,2386,4020,0.4763681592039801,0.6019900497512438,2021-03-28,4289440,44.6873
39,Pennsylvania,42,1016713,25058,35003,0.5853498271576723,0.7230808787818187,2021-03-28,12804100,286.1699
40,Rhode Island,44,135775,2608,4880,0.5198770491803278,0.5606557377049181,2021-03-28,3194370,923.4952
41,South Carolina,45,549199,9122,16598,0.4916857452705145,0.45891071213399204,2021-03-28,1061510,1026.6054
42,South Dakota,46,117244,1933,2196,0.5664845173041895,0.6270491803278688,2021-03-28,5277830,175.5707
43,Tennessee,47,792811,11713,14541,0.5841413933016987,0.5875799463585724,2021-03-28,896581,11.8265
44,Texas,48,2781961,48263,74357,0.3669593985771346,0.36355689444168,2021-03-28,6944260,168.4069
45,Utah,49,384621,2114,7146,0.4547998880492583,0.4105793450881612,2021-03-28,29730300,113.808
46,Vermont,50,18820,225,1692,0.5023640661938534,0.6382978723404256,2021-03-28,3310770,40.2917
47,Virginia,51,615366,10198,18685,0.5444474177147445,0.5597002943537597,2021-03-28,623251,67.6197
48,Washington,53,363659,5288,9581,0.542218975054796,0.6511846362592631,2021-03-28,8603980,217.8774
49,West Virginia,54,140613,2634,3613,0.6526432327705508,0.7713811237199003,2021-03-28,7796940,117.3248
50,Wisconsin,55,634317,7275,8176,0.4953522504892368,0.5761986301369864,2021-03-28,1767860,73.5444
51,Wyoming,56,56046,695,769,0.5435630689206762,0.6046814044213265,2021-03-28,5852490,108.0633
52,Puerto Rico,72,140103,2112,2698,0.5637509266123054,0.7309117865085248,2021-03-28,581075,5.9847
1,Alabama,01,514072,10526,10622,0.7326303897571079,0.28102052344191303,2021-03-27,4934190,97.427
2,Alaska,02,61744,299,1950,0.45487179487179485,0.5441025641025641,2021-03-27,724357,1.2694
3,Arizona,04,839334,16913,15760,0.23293147208121828,0.22645939086294417,2021-03-27,7520100,66.2016
4,Arkansas,05,329860,5590,7618,0.22761879758466788,0.17235494880546076,2021-03-27,3033950,58.3059
5,California,06,3658804,58774,55125,0.35573696145124717,0.32834467120181404,2021-03-27,39613500,254.2929
6,Colorado,08,460114,6165,15010,0.4686875416389074,0.5289806795469687,2021-03-27,5893630,56.8653
7,Connecticut,09,305210,7865,10631,0.575110525820713,0.8013357163013828,2021-03-27,3552820,733.7505
8,Delaware,10,93701,1544,3639,0.4907941742236878,0.48337455344874963,2021-03-27,990334,508.1242
9,District of Columbia,11,44051,1056,1954,0.38024564994882293,0.4483111566018424,2021-03-27,714153,11707.4262
10,Florida,12,2039054,33141,69427,0.45015627925734947,0.49980555115445,2021-03-27,21944600,409.2233
11,Georgia,13,1029997,18349,28057,0.395052927968065,0.39822504187903196,2021-03-27,10830000,188.3053
12,Hawaii,15,29426,459,799,0.6821026282853567,0.8297872340425532,2021-03-27,1406430,218.9678
13,Idaho,16,179511,1957,4096,0.5361328125,0.49072265625,2021-03-27,1860120,22.5079
14,Illinois,17,1239012,23498,22708,0.5480007045974987,0.6661969350008807,2021-03-27,12569300,226.3964
15,Indiana,18,686360,13011,10978,0.48214611040262345,0.5410821643286573,2021-03-27,6805660,189.9643
16,Iowa,19,349554,5718,6435,0.45672105672105673,0.6076146076146076,2021-03-27,3167970,56.7157
17,Kansas,20,303710,4891,3904,0.3896004098360656,0.38089139344262296,2021-03-27,2917220,35.6807
18,Kentucky,21,428107,6053,11450,0.4186899563318777,0.3596506550218341,2021-03-27,4480710,113.4759
19,Louisiana,22,443069,10087,7890,0.41254752851711024,0.4223067173637516,2021-03-27,4627000,107.0966
20,Maine,23,49653,736,2364,0.6074450084602369,0.5757191201353637,2021-03-27,1354520,43.9166
21,Maryland,24,406894,8246,11309,0.5692811035458485,0.6802546644265629,2021-03-27,6065440,624.8522
22,Massachusetts,25,627556,17086,20936,0.5846866641192204,0.702092090179595,2021-03-27,6912240,886.1846
23,Michigan,26,723208,17038,24345,0.8711850482645307,1.3258985417950298,2021-03-27,9992430,176.7352
24,Minnesota,27,513911,6903,12605,0.6249900833002777,0.7592225307417692,2021-03-27,5706400,71.6641
25,Mississippi,28,304420,7000,6486,0.32377428307123035,0.2687326549491212,2021-03-27,2966410,63.2187
26,Missouri,29,583194,8942,57590,0.0672686230248307,0.0856745962840771,2021-03-27,6169040,89.7419
27,Montana,30,104159,1436,1881,0.6597554492291334,0.593833067517278,2021-03-27,1085000,7.4547
28,Nebraska,31,208707,2281,3781,0.47580005289605926,0.534779158952658,2021-03-27,1952000,25.4087
29,Nevada,32,302951,5236,5616,0.3244301994301994,0.3523860398860399,2021-03-27,3185790,29.0195
30,New Hampshire,33,82745,1235,3153,0.6333650491595306,0.7703774183317476,2021-03-27,1372200,153.2671
31,New Jersey,34,892145,24382,47750,0.5850052356020943,0.617738219895288,2021-03-27,8874520,1206.7609
32,New Mexico,35,190887,3927,3279,0.4248246416590424,0.4046965538273864,2021-03-27,2105000,17.354
33,New York,36,1840338,49446,98636,0.44971410032848047,0.6189119591224299,2021-03-27,19300000,409.5404
34,North Carolina,37,911060,12049,24960,0.509775641025641,0.43032852564102564,2021-03-27,10701000,220.1037
35,North Dakota,38,102568,1498,1163,0.5674978503869303,0.8039552880481513,2021-03-27,770026,11.1596
36,Ohio,39,1010603,18526,22144,0.4751174132947977,0.5321531791907514,2021-03-27,11714600,286.6939
37,Oklahoma,40,436971,4850,8189,0.30528758090120894,0.30284528025399926,2021-03-27,3990440,58.1739
38,Oregon,41,163737,2386,4112,0.4657101167315175,0.5824416342412452,2021-03-27,4289440,44.6873
39,Pennsylvania,42,1014137,25044,34982,0.5786118575267281,0.708964610371048,2021-03-27,12804100,286.1699
40,Rhode Island,44,135775,2608,4880,0.5198770491803278,0.5606557377049181,2021-03-27,3194370,923.4952
41,South Carolina,45,548114,9104,17477,0.44864679292784804,0.4419522801396121,2021-03-27,1061510,1026.6054
42,South Dakota,46,117081,1933,2200,0.5590909090909091,0.6172727272727273,2021-03-27,5277830,175.5707
43,Tennessee,47,792763,11713,15429,0.5510402488819754,0.5536975824745609,2021-03-27,896581,11.8265
44,Texas,48,2778980,48212,75249,0.3678985767252721,0.35060931042272986,2021-03-27,6944260,168.4069
45,Utah,49,384231,2101,7215,0.45322245322245325,0.4047124047124047,2021-03-27,29730300,113.808
46,Vermont,50,18623,224,1600,0.535625,0.6675,2021-03-27,3310770,40.2917
47,Virginia,51,613974,10178,19248,0.5291978387364921,0.5312759767248545,2021-03-27,623251,67.6197
48,Washington,53,363588,5288,9542,0.5512471180046112,0.6510165583735066,2021-03-27,8603980,217.8774
49,West Virginia,54,140316,2631,3569,0.652563743345475,0.7951807228915663,2021-03-27,7796940,117.3248
50,Wisconsin,55,633846,7275,8146,0.5060152221949423,0.5743923397986742,2021-03-27,1767860,73.5444
51,Wyoming,56,56046,695,813,0.5141451414514145,0.5719557195571956,2021-03-27,5852490,108.0633
52,Puerto Rico,72,139508,2112,2758,0.5145032632342277,0.6062364031907179,2021-03-27,581075,5.9847
1,Alabama,01,513580,10523,10862,0.7243601546676487,0.2762842938685325,2021-03-26,4934190,97.427
2,Alaska,02,61744,299,1950,0.45487179487179485,0.5441025641025641,2021-03-26,724357,1.2694
3,Arizona,04,838558,16898,16487,0.1955480075210772,0.21240977740037606,2021-03-26,7520100,66.2016
4,Arkansas,05,329695,5583,7861,0.22567103421956494,0.18089301615570538,2021-03-26,3033950,58.3059
5,California,06,3656693,58603,55796,0.3792207326690085,0.3257939637249982,2021-03-26,39613500,254.2929
6,Colorado,08,458106,6161,15367,0.42343983861521445,0.5047829765081018,2021-03-26,5893630,56.8653
7,Connecticut,09,305210,7865,10631,0.575110525820713,0.8013357163013828,2021-03-26,3552820,733.7505
8,Delaware,10,93325,1536,3813,0.45213742460005246,0.44322056123787046,2021-03-26,990334,508.1242
9,District of Columbia,11,43825,1055,1998,0.3763763763763764,0.3958958958958959,2021-03-26,714153,11707.4262
10,Florida,12,2033171,33115,69642,0.45076247092271904,0.487091123172798,2021-03-26,21944600,409.2233
11,Georgia,13,1028447,18275,30119,0.3517713071483117,0.37627411268634414,2021-03-26,10830000,188.3053
12,Hawaii,15,29322,456,836,0.6244019138755981,0.7703349282296651,2021-03-26,1406430,218.9678
13,Idaho,16,179313,1957,3997,0.5564173129847385,0.5056292219164373,2021-03-26,1860120,22.5079
14,Illinois,17,1236528,23472,22854,0.5336483766517897,0.6338058983110177,2021-03-26,12569300,226.3964
15,Indiana,18,685382,13002,11011,0.4755244755244755,0.5315593497411679,2021-03-26,6805660,189.9643
16,Iowa,19,349055,5716,6503,0.45532831001076424,0.5768107027525757,2021-03-26,3167970,56.7157
17,Kansas,20,303710,4891,3900,0.391025641025641,0.3812820512820513,2021-03-26,2917220,35.6807
18,Kentucky,21,427650,6041,11745,0.4222222222222222,0.3534269902085994,2021-03-26,4480710,113.4759
19,Louisiana,22,443069,10087,7890,0.41254752851711024,0.4223067173637516,2021-03-26,4627000,107.0966
20,Maine,23,49443,731,2355,0.6029723991507431,0.5830148619957537,2021-03-26,1354520,43.9166
21,Maryland,24,405528,8232,11044,0.5814016660630207,0.6741216950380297,2021-03-26,6065440,624.8522
22,Massachusetts,25,624986,17051,20879,0.556635854207577,0.6947171799415681,2021-03-26,6912240,886.1846
23,Michigan,26,718182,17015,23753,0.8337473161284891,1.2873742264135057,2021-03-26,9992430,176.7352
24,Minnesota,27,512175,6899,12230,0.6283728536385936,0.7533932951757972,2021-03-26,5706400,71.6641
25,Mississippi,28,304210,6998,6345,0.38282111899133175,0.29850275807722615,2021-03-26,2966410,63.2187
26,Missouri,29,582660,8910,57322,0.0691532047032553,0.0862670527895049,2021-03-26,6169040,89.7419
27,Montana,30,104107,1435,1951,0.6237826755509995,0.6186570989236289,2021-03-26,1085000,7.4547
28,Nebraska,31,208213,2280,3856,0.4533195020746888,0.4520228215767635,2021-03-26,1952000,25.4087
29,Nevada,32,302655,5226,5554,0.3583003240907454,0.3503781058696435,2021-03-26,3185790,29.0195
30,New Hampshire,33,82374,1231,3181,0.6042125117887457,0.7475636592266582,2021-03-26,1372200,153.2671
31,New Jersey,34,887479,24358,48018,0.5600399850056229,0.6193510766795784,2021-03-26,8874520,1206.7609
32,New Mexico,35,190716,3925,3248,0.42795566502463056,0.4131773399014778,2021-03-26,2105000,17.354
33,New York,36,1831605,49363,100645,0.4344378757017239,0.5860301058174773,2021-03-26,19300000,409.5404
34,North Carolina,37,911060,12049,26471,0.4430508858751086,0.4741037361641041,2021-03-26,10701000,220.1037
35,North Dakota,38,102414,1498,1137,0.5866314863676341,0.7642919964819701,2021-03-26,770026,11.1596
36,Ohio,39,1008913,18526,22360,0.4738819320214669,0.5177549194991056,2021-03-26,11714600,286.6939
37,Oklahoma,40,436971,4850,8343,0.3745655040153422,0.2972551839865756,2021-03-26,3990440,58.1739
38,Oregon,41,163368,2384,4228,0.45837275307473985,0.5439924314096499,2021-03-26,4289440,44.6873
39,Pennsylvania,42,1010521,25013,35521,0.5341910419188649,0.7017257397032741,2021-03-26,12804100,286.1699
40,Rhode Island,44,135775,2608,4880,0.5198770491803278,0.5606557377049181,2021-03-26,3194370,923.4952
41,South Carolina,45,546670,9092,17585,0.45044071651976114,0.44748365083878305,2021-03-26,1061510,1026.6054
42,South Dakota,46,116833,1928,2240,0.5227678571428571,0.5870535714285714,2021-03-26,5277830,175.5707
43,Tennessee,47,792724,11713,16465,0.5181293653203766,0.522563012450653,2021-03-26,896581,11.8265
44,Texas,48,2775890,48126,77816,0.36047856481957435,0.3315770535622494,2021-03-26,6944260,168.4069
45,Utah,49,383771,2091,7410,0.4445344129554656,0.3950067476383266,2021-03-26,29730300,113.808
46,Vermont,50,18498,224,1660,0.463855421686747,0.6656626506024096,2021-03-26,3310770,40.2917
47,Virginia,51,612062,10154,19575,0.5092209450830141,0.5047254150702427,2021-03-26,623251,67.6197
48,Washington,53,362403,5288,9478,0.5505380882042625,0.6083561932897236,2021-03-26,8603980,217.8774
49,West Virginia,54,139750,2628,3608,0.6236141906873615,0.7366962305986696,2021-03-26,7796940,117.3248
50,Wisconsin,55,633154,7272,8479,0.48661398749852575,0.5330817313362425,2021-03-26,1767860,73.5444
51,Wyoming,56,56046,695,813,0.5141451414514145,0.5719557195571956,2021-03-26,5852490,108.0633
52,Puerto Rico,72,139240,2109,2707,0.490579977835242,0.639083856667898,2021-03-26,581075,5.9847
1,Alabama,01,513138,10504,11153,0.6980184703667175,0.27705550076212676,2021-03-25,4934190,97.427
2,Alaska,02,61558,299,1954,0.4692937563971341,0.4872057318321392,2021-03-25,724357,1.2694
3,Arizona,04,837987,16874,16567,0.25001509023963303,0.20402003983823264,2021-03-25,7520100,66.2016
4,Arkansas,05,329511,5571,7918,0.25322051022985603,0.18514776458701693,2021-03-25,3033950,58.3059
5,California,06,3653318,58386,60391,0.33538109983275655,0.2983060389793181,2021-03-25,39613500,254.2929
6,Colorado,08,457010,6161,15100,0.4375496688741722,0.5168211920529802,2021-03-25,5893630,56.8653
7,Connecticut,09,303510,7862,10233,0.5953288380729014,0.7843252223199453,2021-03-25,3552820,733.7505
8,Delaware,10,93038,1536,3879,0.44985821087909256,0.4158288218613045,2021-03-25,990334,508.1242
9,District of Columbia,11,43669,1053,2006,0.38085742771684944,0.38733798604187436,2021-03-25,714153,11707.4262
10,Florida,12,2027421,32956,70350,0.4472778962331201,0.4735181236673774,2021-03-25,21944600,409.2233
11,Georgia,13,1026632,18181,31934,0.3334064007014467,0.34655852696185885,2021-03-25,10830000,188.3053
12,Hawaii,15,29120,455,751,0.6804260985352862,0.8135818908122503,2021-03-25,1406430,218.9678
13,Idaho,16,179009,1957,3994,0.5460691036554832,0.5255383074611918,2021-03-25,1860120,22.5079
14,Illinois,17,1233417,23442,23698,0.48928179593214616,0.5802177398936619,2021-03-25,12569300,226.3964
15,Indiana,18,684281,12982,11017,0.4828900789688663,0.5093945720250522,2021-03-25,6805660,189.9643
16,Iowa,19,348492,5708,6615,0.45699168556311415,0.5490551776266062,2021-03-25,3167970,56.7157
17,Kansas,20,303267,4881,4255,0.3487661574618096,0.34806110458284373,2021-03-25,2917220,35.6807
18,Kentucky,21,427004,6004,11994,0.40978822744705684,0.37168584292146073,2021-03-25,4480710,113.4759
19,Louisiana,22,442620,10073,8246,0.4375454765947126,0.37315061848168807,2021-03-25,4627000,107.0966
20,Maine,23,49190,731,2324,0.5985370051635112,0.5843373493975904,2021-03-25,1354520,43.9166
21,Maryland,24,404167,8217,11024,0.5676705370101597,0.6564767779390421,2021-03-25,6065440,624.8522
22,Massachusetts,25,622226,17010,21080,0.5334440227703985,0.6597722960151803,2021-03-25,6912240,886.1846
23,Michigan,26,712194,16994,22256,0.8229241552839683,1.2965043134435659,2021-03-25,9992430,176.7352
24,Minnesota,27,510476,6892,12275,0.5989409368635438,0.7291242362525459,2021-03-25,5706400,71.6641
25,Mississippi,28,303942,6987,6313,0.44352922540788847,0.31965784888325677,2021-03-25,2966410,63.2187
26,Missouri,29,581612,8903,57064,0.07356652180008412,0.07959484088041498,2021-03-25,6169040,89.7419
27,Montana,30,103961,1435,1995,0.5889724310776943,0.6140350877192983,2021-03-25,1085000,7.4547
28,Nebraska,31,207938,2280,3754,0.4738945125199787,0.4640383590836441,2021-03-25,1952000,25.4087
29,Nevada,32,302209,5215,5122,0.5111284654431862,0.34498242873877394,2021-03-25,3185790,29.0195
30,New Hampshire,33,82039,1229,3196,0.6063829787234043,0.731226533166458,2021-03-25,1372200,153.2671
31,New Jersey,34,881880,24330,47671,0.5604245767867256,0.5985399928677813,2021-03-25,8874520,1206.7609
32,New Mexico,35,190491,3918,3640,0.39505494505494504,0.3662087912087912,2021-03-25,2105000,17.354
33,New York,36,1823602,49305,100275,0.4696185489902767,0.5590127150336575,2021-03-25,19300000,409.5404
34,North Carolina,37,908868,12025,27127,0.44247428761013013,0.4490360157776385,2021-03-25,10701000,220.1037
35,North Dakota,38,102230,1497,1106,0.6121157323688969,0.7197106690777577,2021-03-25,770026,11.1596
36,Ohio,39,1006171,18382,22530,0.48162450066577894,0.46098535286284953,2021-03-25,11714600,286.6939
37,Oklahoma,40,436504,4850,8788,0.35628129267182523,0.2763996358670915,2021-03-25,3990440,58.1739
38,Oregon,41,162878,2381,4068,0.48992133726647,0.5496558505408063,2021-03-25,4289440,44.6873
39,Pennsylvania,42,1005504,24972,35523,0.522562846606424,0.6584184894293837,2021-03-25,12804100,286.1699
40,Rhode Island,44,135290,2607,4935,0.505775075987842,0.5418439716312057,2021-03-25,3194370,923.4952
41,South Carolina,45,545254,9083,17846,0.4542194329261459,0.43460719488961114,2021-03-25,1061510,1026.6054
42,South Dakota,46,116624,1927,2199,0.47294224647567074,0.6462028194633924,2021-03-25,5277830,175.5707
43,Tennessee,47,791437,11692,16402,0.5228020973052067,0.5459700036580905,2021-03-25,896581,11.8265
44,Texas,48,2771966,47993,83497,0.351868929422614,0.30874163143586,2021-03-25,6944260,168.4069
45,Utah,49,383260,2089,7541,0.44649250762498344,0.37952526190160457,2021-03-25,29730300,113.808
46,Vermont,50,18215,223,1660,0.45,0.5831325301204819,2021-03-25,3310770,40.2917
47,Virginia,51,610263,10147,19643,0.5052690525887085,0.4944764038079723,2021-03-25,623251,67.6197
48,Washington,53,361300,5286,9664,0.5220405629139073,0.5788493377483444,2021-03-25,8603980,217.8774
49,West Virginia,54,139251,2624,3683,0.6027694814010318,0.6882975834917187,2021-03-25,7796940,117.3248
50,Wisconsin,55,632331,7268,8568,0.48412698412698413,0.511437908496732,2021-03-25,1767860,73.5444
51,Wyoming,56,55920,695,910,0.4032967032967033,0.4846153846153846,2021-03-25,5852490,108.0633
52,Puerto Rico,72,138841,2106,2788,0.4562410329985653,0.5548780487804879,2021-03-25,581075,5.9847
